product_id,product_name,price,price_int,original_price,discount_percentage,rating,review_count,sold_text,shop_id,shop_name,shop_city,product_url,image_url
15715344870,mesin cuci hisense wsak8011ub mesin cuci 2 tabung 8 kg mesin cuci twin tub HISENSE WSAK8011UB,Rp1.549.000,1549000,,0,0,0,1 terjual,9555972,Dunia Elektronik Mall,Bekasi,https://www.tokopedia.com/duniaelektronikhko/mesin-cuci-hisense-wsak8011ub-mesin-cuci-2-tabung-8-kg-mesin-cuci-twin-tub-hisense-wsak8011ub?extParam=ivf%3Dfalse%26search_id%3D2026033010154411B9842E0A271F2217ED,https://p16-images-sign-sg.tokopedia-static.net/tos-alisg-i-aphluv4xwc-sg/img/VqbcmM/2024/11/8/b0f1d52d-b23f-4709-bf52-8755eac31168.jpg~tplv-aphluv4xwc-white-pad-v1:200:200.jpeg?lk3s=97278606&x-expires=1774869344&x-signature=KVI6qJrPn2%2FC2G7M1OjeAKKc7hg%3D&x-signature-webp=ItzmZZj1Y0bCqzUxt7YwhfBN5E0%3D
1893485665,"MESIN CUCI PANASONIC NA-W76BBZ NAW 76 BBZ 7,5 KG MESIN CUCI 2 TABUNG",Rp1.769.000,1769000,,0,0,0,6 terjual,9555972,Dunia Elektronik Mall,Bekasi,https://www.tokopedia.com/duniaelektronikhko/mesin-cuci-panasonic-na-w76bbz-naw-76-bbz-7-5-kg-mesin-cuci-2-tabung?extParam=ivf%3Dfalse%26search_id%3D2026033010154411B9842E0A271F2217ED,https://p16-images-sign-sg.tokopedia-static.net/tos-alisg-i-aphluv4xwc-sg/img/VqbcmM/2022/9/21/fbe7a478-b504-4a97-a146-a647bf99bbf3.jpg~tplv-aphluv4xwc-white-pad-v1:200:200.jpeg?lk3s=97278606&x-expires=1774869344&x-signature=Q5rCj4pXVEq8Nl0Dd%2BzKtsQetDY%3D&x-signature-webp=NZ9vf%2BPT1vgLJQNVbwlwU4Uu28w%3D
2349056808,MESIN CUCI SAMSUNG WW70T3020WW 7 KG FRONT LOADING INVERTER QUICK WASH,Rp4.399.000,4399000,,0,0,0,3 terjual,9555972,Dunia Elektronik Mall,Bekasi,https://www.tokopedia.com/duniaelektronikhko/mesin-cuci-samsung-ww70t3020ww-7-kg-front-loading-inverter-quick-wash?extParam=ivf%3Dfalse%26search_id%3D2026033010154411B9842E0A271F2217ED,https://p16-images-sign-sg.tokopedia-static.net/tos-alisg-i-aphluv4xwc-sg/img/VqbcmM/2021/10/29/3629d106-6992-4076-963c-048e1ba03b45.jpg~tplv-aphluv4xwc-white-pad-v1:200:200.jpeg?lk3s=97278606&x-expires=1774869344&x-signature=aVCTNbOkzFx0srCcptKGRrdss%2Bg%3D&x-signature-webp=hSw0xDdfOsVfiltgGbxwMxJzZdw%3D
15101442334,MESIN CUCI LG T2109NT1G TOP LOADING 9 KG | Mesin Cuci Bukaan Atas 9 Kg | Mesin Cuci Top Loading 9 Kg,Rp3.149.000,3149000,,0,0,0,2 terjual,9555972,Dunia Elektronik Mall,Bekasi,https://www.tokopedia.com/duniaelektronikhko/mesin-cuci-lg-t2109nt1g-top-loading-9-kg-mesin-cuci-bukaan-atas-9-kg-mesin-cuci-top-loading-9-kg?extParam=ivf%3Dfalse%26search_id%3D2026033010154411B9842E0A271F2217ED,https://p16-images-sign-sg.tokopedia-static.net/tos-alisg-i-aphluv4xwc-sg/img/VqbcmM/2024/9/12/cf936168-eb97-43e4-8541-a21a567616ff.jpg~tplv-aphluv4xwc-white-pad-v1:200:200.jpeg?lk3s=97278606&x-expires=1774869344&x-signature=Ln%2B0BR9mLNo4VwL9fgzZcfgcYxM%3D&x-signature-webp=CzoHqnUIoQ5tDGnNdibavL3kJYw%3D
2002337995,MESIN CUCI SAMSUNG WA70H4000SG DIAMOND DRUM TOP LOADING 7 KG,Rp2.649.000,2649000,,0,0,0,1 terjual,9555972,Dunia Elektronik Mall,Bekasi,https://www.tokopedia.com/duniaelektronikhko/mesin-cuci-samsung-wa70h4000sg-diamond-drum-top-loading-7-kg?extParam=ivf%3Dfalse%26search_id%3D2026033010154411B9842E0A271F2217ED,https://p16-images-sign-sg.tokopedia-static.net/tos-alisg-i-aphluv4xwc-sg/img/VqbcmM/2021/8/11/89134c11-21f5-44f1-bc83-c52f7f769528.jpg~tplv-aphluv4xwc-white-pad-v1:200:200.jpeg?lk3s=97278606&x-expires=1774869344&x-signature=1y7n2A8mSUqkTOAwrWtYmHmx5%2BY%3D&x-signature-webp=ic%2Bc%2FfLJjV7vQHmP166wmllEm4o%3D
1895824597,"MESIN CUCI PANASONIC NA-W96BBZ NAW 96 BBZ 9,5 KG MESIN CUCI 2 TABUNG",Rp2.099.000,2099000,,0,0,0,2 terjual,9555972,Dunia Elektronik Mall,Bekasi,https://www.tokopedia.com/duniaelektronikhko/mesin-cuci-panasonic-na-w96bbz-naw-96-bbz-9-5-kg-mesin-cuci-2-tabung?extParam=ivf%3Dfalse%26search_id%3D2026033010154411B9842E0A271F2217ED,https://p16-images-sign-sg.tokopedia-static.net/tos-alisg-i-aphluv4xwc-sg/img/VqbcmM/2022/9/21/5edae655-c019-4dd4-b7ec-731fea2a00ea.jpg~tplv-aphluv4xwc-white-pad-v1:200:200.jpeg?lk3s=97278606&x-expires=1774869344&x-signature=a3m1qiNMFNMhcOsj0UnYPvE%2BDRg%3D&x-signature-webp=QswVPbQOzM5hod9OYuMBsVcl0oY%3D
2002265481,"MESIN CUCI TOSHIBA VH-H95MN VH 95 MN 2 TABUNG 8,5 KG JET SPIN",Rp1.799.000,1799000,,0,0,0,6 terjual,9555972,Dunia Elektronik Mall,Bekasi,https://www.tokopedia.com/duniaelektronikhko/mesin-cuci-toshiba-vh-h95mn-vh-95-mn-2-tabung-8-5-kg-jet-spin?extParam=ivf%3Dfalse%26search_id%3D2026033010154411B9842E0A271F2217ED,https://p16-images-sign-sg.tokopedia-static.net/tos-alisg-i-aphluv4xwc-sg/img/VqbcmM/2022/9/21/251ed1d6-4b14-44ba-9a3d-613a0abf1d71.jpg~tplv-aphluv4xwc-white-pad-v1:200:200.jpeg?lk3s=97278606&x-expires=1774869344&x-signature=oWGANkUSgQMhLNZH7nByfC9lZpY%3D&x-signature-webp=LgbQ0Ub24MzsGFDknCOi%2FbWIIdE%3D
1896538584,MESIN CUCI SHARP ES-T85CR EST 85 CR 2 TABUNG 8 KG NEW SUPER AQUAMAGIC,Rp2.149.000,2149000,,0,0,0,2 terjual,9555972,Dunia Elektronik Mall,Bekasi,https://www.tokopedia.com/duniaelektronikhko/mesin-cuci-sharp-es-t85cr-est-85-cr-2-tabung-8-kg-new-super-aquamagic?extParam=ivf%3Dfalse%26search_id%3D2026033010154411B9842E0A271F2217ED,https://p16-images-sign-sg.tokopedia-static.net/tos-alisg-i-aphluv4xwc-sg/img/VqbcmM/2021/6/8/a4e5cbc6-3c31-4fdf-a392-b22525ae81ab.jpg~tplv-aphluv4xwc-white-pad-v1:200:200.jpeg?lk3s=97278606&x-expires=1774869344&x-signature=ztWf1LMAR5jjgFeFPzCyAVbycjw%3D&x-signature-webp=4NbV4%2F5E2S8aqKc5ibPVOJ4xY6M%3D
15812164455,MESIN CUCI AQUA AQW-99DD AQW99DD 9 KG MESIN CUCI 1 TABUNG TOP LOADING | mesin cuci aqua 99dd,Rp2.699.000,2699000,,0,0,0,1 terjual,9555972,Dunia Elektronik Mall,Bekasi,https://www.tokopedia.com/duniaelektronikhko/mesin-cuci-aqua-aqw-99dd-aqw99dd-9-kg-mesin-cuci-1-tabung-top-loading-mesin-cuci-aqua-99dd?extParam=ivf%3Dfalse%26search_id%3D2026033010154411B9842E0A271F2217ED,https://p16-images-sign-sg.tokopedia-static.net/tos-alisg-i-aphluv4xwc-sg/img/VqbcmM/2024/11/22/bb114928-01ee-4f0c-8d18-b170bc96519d.jpg~tplv-aphluv4xwc-white-pad-v1:200:200.jpeg?lk3s=97278606&x-expires=1774869344&x-signature=QJIqKMIyUTco7ojD3NLk%2F0BLoso%3D&x-signature-webp=In0ZAxz1mhKkjPJ7g0PTW9pVOsU%3D
2064567414,MESIN CUCI SAMSUNG WA70H4200SW 7 KG TOP LOADING DIAMOND DRUM WOBBLE,Rp2.649.000,2649000,,0,0,0,4 terjual,9555972,Dunia Elektronik Mall,Bekasi,https://www.tokopedia.com/duniaelektronikhko/mesin-cuci-samsung-wa70h4200sw-7-kg-top-loading-diamond-drum-wobble?extParam=ivf%3Dfalse%26search_id%3D2026033010154411B9842E0A271F2217ED,https://p16-images-sign-sg.tokopedia-static.net/tos-alisg-i-aphluv4xwc-sg/img/VqbcmM/2021/8/11/2bb164e7-7e2d-4739-a31b-13ba3a31de55.jpg~tplv-aphluv4xwc-white-pad-v1:200:200.jpeg?lk3s=97278606&x-expires=1774869344&x-signature=kY99rzipIGq17jVdQLzD9yxVbkY%3D&x-signature-webp=629hy%2BGnMIHK8Gb%2BV03VFbkcdKQ%3D
1896577830,"MESIN CUCI TOSHIBA VH-H85MN VH 85 MN 2 TABUNG 7,5 KG JET SPIN",Rp1.639.000,1639000,,0,0,0,5 terjual,9555972,Dunia Elektronik Mall,Bekasi,https://www.tokopedia.com/duniaelektronikhko/mesin-cuci-toshiba-vh-h85mn-vh-85-mn-2-tabung-7-5-kg-jet-spin?extParam=ivf%3Dfalse%26search_id%3D2026033010154411B9842E0A271F2217ED,https://p16-images-sign-sg.tokopedia-static.net/tos-alisg-i-aphluv4xwc-sg/img/VqbcmM/2022/9/21/755e6471-c4a6-44a8-8160-c550c43b0f61.jpg~tplv-aphluv4xwc-white-pad-v1:200:200.jpeg?lk3s=97278606&x-expires=1774869344&x-signature=wOqa%2BrbQUah4mDNCFxhAAwNf%2F4A%3D&x-signature-webp=nGnCuFiV6D2xJR4HTNb3BQKBKAc%3D
2374449159,SAMSUNG WW80T3040WW MESIN CUCI FRONT LOADING 8 Kg 80T3040WW WW80T,Rp5.799.000,5799000,,0,0,0,3 terjual,12424550,KAKA ELEKTRONIK,Kab. Tangerang,https://www.tokopedia.com/kakaelektronik69/samsung-ww80t3040ww-mesin-cuci-front-loading-8-kg-80t3040ww-ww80t?extParam=ivf%3Dfalse%26search_id%3D2026033010154411B9842E0A271F2217ED,https://p16-images-sign-sg.tokopedia-static.net/tos-alisg-i-aphluv4xwc-sg/e6855b64c97a49be90f922d4212b27d5~tplv-aphluv4xwc-white-pad-v1:200:200.jpeg?lk3s=97278606&x-expires=1774869344&x-signature=byyyBEO4Muj7wV1dtRr59Cr01Yw%3D&x-signature-webp=6zvSADvsI83xJET%2FCcjijBD%2FuWU%3D
13435992980,LG T2311VSPB MESIN CUCI TOP LOADING 11 KG T2311 2311VSPB,Rp4.792.000,4792000,,0,0,0,1 terjual,10345860,Darrie Store,Depok,https://www.tokopedia.com/darrie/lg-t2311vspb-mesin-cuci-top-loading-11-kg-t2311-2311vspb?extParam=ivf%3Dtrue%26search_id%3D2026033010154411B9842E0A271F2217ED,https://p16-images-sign-sg.tokopedia-static.net/tos-alisg-i-aphluv4xwc-sg/img/VqbcmM/2024/5/17/207ca2a2-f1af-4e01-8cf1-e4cb7de4e979.jpg~tplv-aphluv4xwc-white-pad-v1:200:200.jpeg?lk3s=97278606&x-expires=1774869344&x-signature=kAGmvtM%2B9har4ME%2FA13%2BsNxxaxM%3D&x-signature-webp=ZZCbJZwoW6no%2BHWFqvfk5DVEbmo%3D
694847970,MESIN CUCI FRONT LOADING 7 KG NA127XB1WNE PANASONIC NA 127XB1WNE 7KG,Rp4.690.000,4690000,,0,0,0,8 terjual,7749429,Bogor Solusi Elektronik,Kab. Bogor,https://www.tokopedia.com/bogor-solusi-elektronik/mesin-cuci-front-loading-7-kg-na127xb1wne-panasonic-na-127xb1wne-7kg?extParam=ivf%3Dfalse%26search_id%3D2026033010154411B9842E0A271F2217ED,https://p16-images-sign-sg.tokopedia-static.net/tos-alisg-i-aphluv4xwc-sg/899ab4a31c3843d19eba9ceedd0ac9e7~tplv-aphluv4xwc-white-pad-v1:200:200.jpeg?lk3s=97278606&x-expires=1774869344&x-signature=zfNrkk7n91nFAs49gEryOrdIAng%3D&x-signature-webp=YfGev3cLBuIbMWUfz9QvAJm9oVI%3D
14638365018,SHARP ES-M7000P-GG MESIN CUCI TOP LOADING 7 Kg New Megamouth Series ESM7000 7000PGG ESM7000PGG,Rp2.292.000,2292000,,0,0,0,2 terjual,10345860,Darrie Store,Depok,https://www.tokopedia.com/darrie/sharp-es-m7000p-gg-mesin-cuci-top-loading-7-kg-new-megamouth-series-esm7000-7000pgg-esm7000pgg?extParam=ivf%3Dfalse%26search_id%3D2026033010154411B9842E0A271F2217ED,https://p16-images-sign-sg.tokopedia-static.net/tos-alisg-i-aphluv4xwc-sg/img/VqbcmM/2024/7/31/88db5441-45a1-4978-a5e3-0101770ad501.jpg~tplv-aphluv4xwc-white-pad-v1:200:200.jpeg?lk3s=97278606&x-expires=1774869344&x-signature=QiiMbDcSy1hPb9kL5a9r7JICOSA%3D&x-signature-webp=fzvAMj5B2Q9cpZJMS2EJIpMck3s%3D
12813515271,LG T2311VSPB MESIN CUCI TOP LOADING 11 KG INVERTER T2311VSPB 2311VSPB,Rp4.695.000,4695000,,0,0,0,1 terjual,8864206,Asegan Elektronik Store,Depok,https://www.tokopedia.com/varoelectronics/lg-t2311vspb-mesin-cuci-top-loading-11-kg-inverter-t2311vspb-2311vspb?extParam=ivf%3Dfalse%26search_id%3D2026033010154411B9842E0A271F2217ED,https://p16-images-sign-sg.tokopedia-static.net/tos-alisg-i-aphluv4xwc-sg/a8139d01ebf54efea30a6b45887ee94e~tplv-aphluv4xwc-white-pad-v1:200:200.jpeg?lk3s=97278606&x-expires=1774869344&x-signature=9jNojj85ZeKL3PBhn7njyUpAw2Y%3D&x-signature-webp=kOeIu%2FG455zENyjg8jqkEGKGvtM%3D
1679140372,LG TH2113DSAK MESIN CUCI 13 KG WASHER TH2113 2113DSAK TH-2113DSAK,Rp6.792.000,6792000,,0,0,0,3 terjual,10345860,Darrie Store,Depok,https://www.tokopedia.com/darrie/lg-th2113dsak-mesin-cuci-13-kg-washer-th2113-2113dsak-th-2113dsak?extParam=ivf%3Dfalse%26search_id%3D2026033010154411B9842E0A271F2217ED,https://p16-images-sign-sg.tokopedia-static.net/tos-alisg-i-aphluv4xwc-sg/img/VqbcmM/2021/3/17/b1087b98-a059-4da5-b09b-1016f2038e09.jpg~tplv-aphluv4xwc-white-pad-v1:200:200.jpeg?lk3s=97278606&x-expires=1774869344&x-signature=NYYgLdmTRM8QKdFBcs7%2FNP0Dztk%3D&x-signature-webp=S90CsxX%2BI0XjMmNGPDEM%2BPhn4t0%3D
10676984266,LG WT1410NHEG MESIN CUCI WashTower All-In-One Washer Dryer WT1410,Rp28.995.000,28995000,,0,0,0,1 terjual,8864206,Asegan Elektronik Store,Depok,https://www.tokopedia.com/varoelectronics/lg-wt1410nheg-mesin-cuci-washtower-all-in-one-washer-dryer-wt1410?extParam=ivf%3Dfalse%26search_id%3D2026033010154411B9842E0A271F2217ED,https://p16-images-sign-sg.tokopedia-static.net/tos-alisg-i-aphluv4xwc-sg/904c1d34607747d99ad0751aa1865708~tplv-aphluv4xwc-white-pad-v1:200:200.jpeg?lk3s=97278606&x-expires=1774869344&x-signature=WQ50LtQr5jKTfYarHQa%2FNA1MlwE%3D&x-signature-webp=7XEmDZth%2BR6oyrCOMn3WPa1cxNs%3D
13958367904,BEKO MESIN CUCI 2 TABUNG 6KG WTTA6503W TWIN TUB BEKO 6KG WTTA6503,Rp1.495.000,1495000,,0,0,0,1 terjual,8864206,Asegan Elektronik Store,Depok,https://www.tokopedia.com/varoelectronics/beko-mesin-cuci-2-tabung-6kg-wtta6503w-twin-tub-beko-6kg-wtta6503?extParam=ivf%3Dfalse%26search_id%3D2026033010154411B9842E0A271F2217ED,https://p16-images-sign-sg.tokopedia-static.net/tos-alisg-i-aphluv4xwc-sg/eff4938dfa044319b204c7dbb2d2612b~tplv-aphluv4xwc-white-pad-v1:200:200.jpeg?lk3s=97278606&x-expires=1774869344&x-signature=3Mao85wvsrz5Hx%2BtBXuHHMcdhRM%3D&x-signature-webp=wHBwa%2BOYvhIIjrsGysU0nFUr0ts%3D
2708870478,LG FV1285S5WS MESIN CUCI WASHER 8.5 KG FV-1285S5WS FV1285 1285S5WS,Rp5.395.000,5395000,,0,0,0,4 terjual,8864206,Asegan Elektronik Store,Depok,https://www.tokopedia.com/varoelectronics/lg-fv1285s5ws-mesin-cuci-washer-8-5-kg-fv-1285s5ws-fv1285-1285s5ws?extParam=ivf%3Dfalse%26search_id%3D2026033010154411B9842E0A271F2217ED,https://p16-images-sign-sg.tokopedia-static.net/tos-alisg-i-aphluv4xwc-sg/img/VqbcmM/2022/2/24/2b52a038-37ab-4a85-8f34-f00a527a03e5.jpg~tplv-aphluv4xwc-white-pad-v1:200:200.jpeg?lk3s=97278606&x-expires=1774869344&x-signature=L3Bm2or%2FTdDoCIBJQODBtAgrqMc%3D&x-signature-webp=CvUxhqlCnYtCMwQTidWKwyf%2FMqo%3D
2457411901,LG TG2402NTWW MINI WASH TWIN WASH 2 KG TG-2402NTWW TG2402 PUTIH,Rp3.995.000,3995000,,0,0,0,1 terjual,8864206,Asegan Elektronik Store,Depok,https://www.tokopedia.com/varoelectronics/lg-tg2402ntww-mini-wash-twin-wash-2-kg-tg-2402ntww-tg2402-putih?extParam=ivf%3Dfalse%26search_id%3D2026033010154411B9842E0A271F2217ED,https://p16-images-sign-sg.tokopedia-static.net/tos-alisg-i-aphluv4xwc-sg/img/VqbcmM/2022/2/26/0cbb843e-3c4c-43e9-a494-d69f47f96fdd.jpg~tplv-aphluv4xwc-white-pad-v1:200:200.jpeg?lk3s=97278606&x-expires=1774869344&x-signature=97MBOl21StLBYdXWZySwkVXNZt4%3D&x-signature-webp=UrkKMz5V4qpRc4chhuy58Er3CUQ%3D
16016363384,LG T2109NBTM Mesin Cuci Top Loading 9 Kg T2109 Mesin cuci 1 Tabung LG,Rp3.145.000,3145000,,0,0,0,4 terjual,8864206,Asegan Elektronik Store,Depok,https://www.tokopedia.com/varoelectronics/lg-t2109nbtm-mesin-cuci-top-loading-9-kg-t2109-mesin-cuci-1-tabung-lg-1730760815850850194?extParam=ivf%3Dfalse%26search_id%3D2026033010154411B9842E0A271F2217ED,https://p16-images-sign-sg.tokopedia-static.net/tos-alisg-i-aphluv4xwc-sg/257b19252c70421daa08131a2b57bbe4~tplv-aphluv4xwc-white-pad-v1:200:200.jpeg?lk3s=97278606&x-expires=1774869344&x-signature=QkYH%2FVT7e7azh5W%2FQ%2FWG%2BpF4guQ%3D&x-signature-webp=V0invuqRjWCIDf7UIINwPIcGGls%3D
1932144445,LG T2312VS2W MESIN CUCI TOP 12 KG WASHER T-2312VS2W T2312 2312VS2M,Rp4.799.000,4799000,,0,0,0,1 terjual,10345860,Darrie Store,Depok,https://www.tokopedia.com/darrie/lg-t2312vs2w-mesin-cuci-top-12-kg-washer-t-2312vs2w-t2312-2312vs2m?extParam=ivf%3Dfalse%26search_id%3D2026033010154411B9842E0A271F2217ED,https://p16-images-sign-sg.tokopedia-static.net/tos-alisg-i-aphluv4xwc-sg/img/VqbcmM/2021/6/22/d6462fcc-e911-4364-8943-900d2ecd460e.jpg~tplv-aphluv4xwc-white-pad-v1:200:200.jpeg?lk3s=97278606&x-expires=1774869344&x-signature=ElV%2BjkUASb%2BOD2n2Jp7L0SA5iNo%3D&x-signature-webp=4tYWn3HHoU5r0kj7ZjA2%2BZF3pAc%3D
1883989663,LG FV1285S5WS MESIN CUCI WASHER 8.5 KG FV-1285S5WS FV1285 1285S5WS,Rp5.999.000,5999000,,0,0,0,2 terjual,10345860,Darrie Store,Depok,https://www.tokopedia.com/darrie/lg-fv1285s5ws-mesin-cuci-washer-8-5-kg-fv-1285s5ws-fv1285-1285s5ws?extParam=ivf%3Dtrue%26search_id%3D2026033010154411B9842E0A271F2217ED,https://p16-images-sign-sg.tokopedia-static.net/tos-alisg-i-aphluv4xwc-sg/img/VqbcmM/2021/6/4/da257e0c-0b63-44b4-8e34-4874804c319d.jpg~tplv-aphluv4xwc-white-pad-v1:200:200.jpeg?lk3s=97278606&x-expires=1774869344&x-signature=2j%2FSoR35eDVk88mEjqQbo22gKpo%3D&x-signature-webp=bUrclXw0LHwCdHbHoFHStNQxnuM%3D
694856969,MESIN CUCI PANASONIC 7.2KG TOP LOADING | NAF72MB1WSG | NA F72MB1WSG,Rp3.390.000,3390000,,0,0,0,2 terjual,7749429,Bogor Solusi Elektronik,Kab. Bogor,https://www.tokopedia.com/bogor-solusi-elektronik/mesin-cuci-panasonic-7-2kg-top-loading-naf72mb1wsg-na-f72mb1wsg?extParam=ivf%3Dfalse%26search_id%3D2026033010154411B9842E0A271F2217ED,https://p16-images-sign-sg.tokopedia-static.net/tos-alisg-i-aphluv4xwc-sg/15ea563141b7464f9cde93a03b4fb2d4~tplv-aphluv4xwc-white-pad-v1:200:200.jpeg?lk3s=97278606&x-expires=1774869344&x-signature=NXGqBNnede32qUdxHlkE%2FXUh4JQ%3D&x-signature-webp=IJ%2BZgRLrmzwBHxNVUTnXBwld1YY%3D
7939206336,MESIN CUCI 2 TABUNG 9.5 KG PANASONIC NAW98FCV1 9.5KG NA-W98FCV1,Rp2.591.000,2591000,,0,0,0,3 terjual,7749429,Bogor Solusi Elektronik,Kab. Bogor,https://www.tokopedia.com/bogor-solusi-elektronik/mesin-cuci-2-tabung-9-5-kg-panasonic-naw98fcv1-9-5kg-na-w98fcv1?extParam=ivf%3Dfalse%26search_id%3D2026033010154411B9842E0A271F2217ED,https://p16-images-sign-sg.tokopedia-static.net/tos-alisg-i-aphluv4xwc-sg/f9f2e08544b84633898cf730753f83dc~tplv-aphluv4xwc-white-pad-v1:200:200.jpeg?lk3s=97278606&x-expires=1774869344&x-signature=oqkKqUYRr%2BSeC577ZWPT1KP9r6c%3D&x-signature-webp=UKP5%2BTkISfbEe3jvGZhBhuT0bug%3D
12185539172,POLYTRON PFL8051 MESIN CUCI FRONT LOADING 8 KG INVERTER PFL 8051,Rp3.995.000,3995000,,0,0,0,2 terjual,8864206,Asegan Elektronik Store,Depok,https://www.tokopedia.com/varoelectronics/polytron-pfl8051-mesin-cuci-front-loading-8-kg-inverter-pfl-8051?extParam=ivf%3Dfalse%26search_id%3D2026033010154411B9842E0A271F2217ED,https://p16-images-sign-sg.tokopedia-static.net/tos-alisg-i-aphluv4xwc-sg/6cd39a3744a24e09bebae224f83b0785~tplv-aphluv4xwc-white-pad-v1:200:200.jpeg?lk3s=97278606&x-expires=1774869344&x-signature=8ObSreeGvtJLvTKmUrwPedxi5Do%3D&x-signature-webp=R%2F5ecL%2F1ENICTr%2BThxG%2B4aO2WCo%3D
1438678660,LG FV1409S3W MESIN CUCI FRONT LOADING 9 KG FV-1409S3W FV1409 1409S3W,Rp6.249.000,6249000,,0,0,0,2 terjual,10345860,Darrie Store,Depok,https://www.tokopedia.com/darrie/lg-fv1409s3w-mesin-cuci-front-loading-9-kg-fv-1409s3w-fv1409-1409s3w?extParam=ivf%3Dfalse%26search_id%3D2026033010154411B9842E0A271F2217ED,https://p16-images-sign-sg.tokopedia-static.net/tos-alisg-i-aphluv4xwc-sg/img/VqbcmM/2020/12/21/ef16ba15-cccf-4377-bb77-821039fd162d.jpg~tplv-aphluv4xwc-white-pad-v1:200:200.jpeg?lk3s=97278606&x-expires=1774869344&x-signature=j%2BiIFl%2BGlVIjRgtUzJgiZHlYFK4%3D&x-signature-webp=cO4IybWsRr1dDglhhuaXgNbQSaE%3D
5799888230,SAMSUNG WA70H4200 MESIN CUCI TOP LOADING 7 KG WA70H42 WA70H WA70 70H42,Rp2.595.000,2595000,,0,0,0,5 terjual,8864206,Asegan Elektronik Store,Depok,https://www.tokopedia.com/varoelectronics/samsung-wa70h4200-mesin-cuci-top-loading-7-kg-wa70h42-wa70h-wa70-70h42?extParam=ivf%3Dfalse%26search_id%3D2026033010154411B9842E0A271F2217ED,https://p16-images-sign-sg.tokopedia-static.net/tos-alisg-i-aphluv4xwc-sg/4b232770078b4368aa5a47b7398f3938~tplv-aphluv4xwc-white-pad-v1:200:200.jpeg?lk3s=97278606&x-expires=1774869344&x-signature=GCcbiwh7v3jMXongsw6emZV1RdQ%3D&x-signature-webp=iZJWXxb3%2FJbP7SHhZzVPxG4LAHs%3D
4804383065,LG T-2109VS2M MESIN CUCI TOP LOADING WASHER T2109 2109VS2M T2109VS2M,Rp4.099.000,4099000,,0,0,0,3 terjual,10345860,Darrie Store,Depok,https://www.tokopedia.com/darrie/lg-t-2109vs2m-mesin-cuci-top-loading-washer-t2109-2109vs2m-t2109vs2m?extParam=ivf%3Dfalse%26search_id%3D2026033010154411B9842E0A271F2217ED,https://p16-images-sign-sg.tokopedia-static.net/tos-alisg-i-aphluv4xwc-sg/img/VqbcmM/2022/7/14/152a22b8-cfc7-49dc-9cee-943e3ca3906b.jpg~tplv-aphluv4xwc-white-pad-v1:200:200.jpeg?lk3s=97278606&x-expires=1774869344&x-signature=%2B9tKsPvwldbG1XpepqgneKMMH0Y%3D&x-signature-webp=VAl%2BUNGUnGqR5Yk7ckgdHI9e90s%3D
12063331475,Mesin Cuci Front Loading 10 Kg Panasonic NA-V10FC1WNE 10Kg NA V10FC1,Rp9.749.000,9749000,,0,0,0,2 terjual,7749429,Bogor Solusi Elektronik,Kab. Bogor,https://www.tokopedia.com/bogor-solusi-elektronik/mesin-cuci-front-loading-10-kg-panasonic-na-v10fc1wne-10kg-na-v10fc1?extParam=ivf%3Dfalse%26search_id%3D2026033010154411B9842E0A271F2217ED,https://p16-images-sign-sg.tokopedia-static.net/tos-alisg-i-aphluv4xwc-sg/fd5dcd4a3d044906b26ff039b6a2be46~tplv-aphluv4xwc-white-pad-v1:200:200.jpeg?lk3s=97278606&x-expires=1774869344&x-signature=Gp%2BWhGDVDZFzqownpxb85WpxEoY%3D&x-signature-webp=Ipr9k%2Fxx29Kaf8El1vrvgBeC%2FVs%3D
12185529277,POLYTRON PFL7051 MESIN CUCI FRONT LOADING 7 KG INVERTER PFL 7051,Rp3.695.000,3695000,,0,0,0,2 terjual,8864206,Asegan Elektronik Store,Depok,https://www.tokopedia.com/varoelectronics/polytron-pfl7051-mesin-cuci-front-loading-7-kg-inverter-pfl-7051?extParam=ivf%3Dfalse%26search_id%3D2026033010154411B9842E0A271F2217ED,https://p16-images-sign-sg.tokopedia-static.net/tos-alisg-i-aphluv4xwc-sg/9f888cdb6780490ab6fd60baf312c5c3~tplv-aphluv4xwc-white-pad-v1:200:200.jpeg?lk3s=97278606&x-expires=1774869344&x-signature=%2Bs9MPfD0KouFtBs8Hn4sYuXi1Nw%3D&x-signature-webp=0%2BUdlQ5mBRvvpOyo73mqrwVYtbQ%3D
3241065629,LG FV1411S5WN MESIN CUCI LG 11 KG FRONT LOADING STEAM WIFI FV1411,Rp8.899.000,8899000,,0,0,0,1 terjual,10345860,Darrie Store,Depok,https://www.tokopedia.com/darrie/lg-fv1411s5wn-mesin-cuci-lg-11-kg-front-loading-steam-wifi-fv1411?extParam=ivf%3Dfalse%26search_id%3D2026033010154411B9842E0A271F2217ED,https://p16-images-sign-sg.tokopedia-static.net/tos-alisg-i-aphluv4xwc-sg/img/VqbcmM/2022/3/16/c9610a52-0d62-4084-b2f8-900443ea3899.jpg~tplv-aphluv4xwc-white-pad-v1:200:200.jpeg?lk3s=97278606&x-expires=1774869344&x-signature=iUQaLX2gli9G7zQ9tHUOOSRkYw4%3D&x-signature-webp=c6l2%2FRmZn%2BtUrkaxTKSqvmQjhAw%3D
2123658708,LG FV1450S1B MESIN CUCI FRONT LOADING 10.5KG FV-1450S1B FV1450 1450S1B,Rp8.992.000,8992000,,0,0,0,2 terjual,10345860,Darrie Store,Depok,https://www.tokopedia.com/darrie/lg-fv1450s1b-mesin-cuci-front-loading-10-5kg-fv-1450s1b-fv1450-1450s1b?extParam=ivf%3Dfalse%26search_id%3D2026033010154411B9842E0A271F2217ED,https://p16-images-sign-sg.tokopedia-static.net/tos-alisg-i-aphluv4xwc-sg/img/VqbcmM/2021/8/31/429a218e-54c3-4f2b-ada9-3e55b50fed61.jpg~tplv-aphluv4xwc-white-pad-v1:200:200.jpeg?lk3s=97278606&x-expires=1774869344&x-signature=MVALiLJZIJrou7yYltl9XpCvBXU%3D&x-signature-webp=b8CuiIxTjBRLh3twcOPpzsC%2B%2Bqk%3D
1029789544,Mesin Cuci Front Loading 8.5Kg Sharp ES-FL1083W 8.5 Kg ESFL1083W,Rp4.890.000,4890000,,0,0,0,8 terjual,7749429,Bogor Solusi Elektronik,Kab. Bogor,https://www.tokopedia.com/bogor-solusi-elektronik/mesin-cuci-front-loading-8-5kg-sharp-es-fl1083w-8-5-kg-esfl1083w?extParam=ivf%3Dfalse%26search_id%3D2026033010154411B9842E0A271F2217ED,https://p16-images-sign-sg.tokopedia-static.net/tos-alisg-i-aphluv4xwc-sg/571301e186d14a05b81c665fd18d36d5~tplv-aphluv4xwc-white-pad-v1:200:200.jpeg?lk3s=97278606&x-expires=1774869344&x-signature=Dq%2FPbLsjuU%2FlvRVLl3ebSUt3fYk%3D&x-signature-webp=%2B1tbAbyZNms4jPt9inShLeNlRDI%3D
1418484150,LG T2185VSPCK MESIN CUCI TOPLOADING WASHER T-2185VSPCK T2185 2185VSPCK,Rp3.599.000,3599000,,0,0,0,2 terjual,10345860,Darrie Store,Depok,https://www.tokopedia.com/darrie/lg-t2185vspck-mesin-cuci-toploading-washer-t-2185vspck-t2185-2185vspck?extParam=ivf%3Dtrue%26search_id%3D2026033010154411B9842E0A271F2217ED,https://p16-images-sign-sg.tokopedia-static.net/tos-alisg-i-aphluv4xwc-sg/img/VqbcmM/2020/12/11/3d122ace-40e4-4f2e-a3df-6dcce20cbdf3.jpg~tplv-aphluv4xwc-white-pad-v1:200:200.jpeg?lk3s=97278606&x-expires=1774869344&x-signature=V11eG8p5F92qFaJCpl3dYn5O57Y%3D&x-signature-webp=S4mT7Ml%2BCbumfiiK5lQoVH4vAUg%3D
3172497480,"LG T2185VS2M MESIN CUCI LG 8,5 KG WASHER T-2185VS2M T2185 2185VS2M",Rp3.599.000,3599000,,0,0,0,9 terjual,10345860,Darrie Store,Depok,https://www.tokopedia.com/darrie/lg-t2185vs2m-mesin-cuci-lg-8-5-kg-washer-t-2185vs2m-t2185-2185vs2m?extParam=ivf%3Dfalse%26search_id%3D2026033010154411B9842E0A271F2217ED,https://p16-images-sign-sg.tokopedia-static.net/tos-alisg-i-aphluv4xwc-sg/img/VqbcmM/2022/3/9/08928c66-0def-4b59-80cd-88604042d922.jpg~tplv-aphluv4xwc-white-pad-v1:200:200.jpeg?lk3s=97278606&x-expires=1774869344&x-signature=dnKCpwG6eKhT4eYv6nuee1psemg%3D&x-signature-webp=3a1%2FPJfif6tXLzWGkuNkO8JFBdw%3D
11605179419,LG T2109VSAB MESIN CUCI LG TOP LOADING 9 KG INVERTER T2109VSAB T2109,Rp3.999.000,3999000,,0,0,0,1 terjual,10345860,Darrie Store,Depok,https://www.tokopedia.com/darrie/lg-t2109vsab-mesin-cuci-lg-top-loading-9-kg-inverter-t2109vsab-t2109?extParam=ivf%3Dfalse%26search_id%3D2026033010154411B9842E0A271F2217ED,https://p16-images-sign-sg.tokopedia-static.net/tos-alisg-i-aphluv4xwc-sg/img/VqbcmM/2023/9/15/b15ea9da-c663-4a40-b9ab-f80503037886.jpg~tplv-aphluv4xwc-white-pad-v1:200:200.jpeg?lk3s=97278606&x-expires=1774869344&x-signature=RICEzFArodFfpXnVdMb2vho15dk%3D&x-signature-webp=ow6hvtyH2UWfn1JuWDP%2BPqzir8Q%3D
10765823831,LG T2109VSPM MESIN CUCI 9 KG TOP LOADING WASHER T2109 2109VSPM,Rp3.699.000,3699000,,0,0,0,1 terjual,10345860,Darrie Store,Depok,https://www.tokopedia.com/darrie/lg-t2109vspm-mesin-cuci-9-kg-top-loading-washer-t2109-2109vspm?extParam=ivf%3Dtrue%26search_id%3D2026033010154411B9842E0A271F2217ED,https://p16-images-sign-sg.tokopedia-static.net/tos-alisg-i-aphluv4xwc-sg/img/VqbcmM/2023/7/20/f9344097-76cb-4fb9-b2de-9b3caf5b0db8.jpg~tplv-aphluv4xwc-white-pad-v1:200:200.jpeg?lk3s=97278606&x-expires=1774869344&x-signature=YPUaZWrzPUJsl7u73uLbkVsbCAo%3D&x-signature-webp=Ss442WGrN%2F5I1BWcUq%2F%2BgDYYxmE%3D
5730880502,LG T2518VSAB MESIN CUCI TOP LOADING 18 KG T2518 2518VSAB,Rp6.199.000,6199000,,0,0,0,1 terjual,10345860,Darrie Store,Depok,https://www.tokopedia.com/darrie/lg-t2518vsab-mesin-cuci-top-loading-18-kg-t2518-2518vsab?extParam=ivf%3Dfalse%26search_id%3D2026033010154411B9842E0A271F2217ED,https://p16-images-sign-sg.tokopedia-static.net/tos-alisg-i-aphluv4xwc-sg/img/VqbcmM/2022/8/27/b0716424-5650-4f57-b3e0-d98575a29d28.jpg~tplv-aphluv4xwc-white-pad-v1:200:200.jpeg?lk3s=97278606&x-expires=1774869344&x-signature=KT1gDZ59xu3fxr4xbuQTTI4He6E%3D&x-signature-webp=oxN28ss%2B3IxuX%2BPN51DVi%2B3XYG0%3D
10676815109,LG T2109VS2B MESIN CUCI TOP LOADING 9 KG WASHER INVERTER 2109VS2B,Rp4.295.000,4295000,,0,0,0,3 terjual,8864206,Asegan Elektronik Store,Depok,https://www.tokopedia.com/varoelectronics/lg-t2109vs2b-mesin-cuci-top-loading-9-kg-washer-inverter-2109vs2b?extParam=ivf%3Dfalse%26search_id%3D2026033010154411B9842E0A271F2217ED,https://p16-images-sign-sg.tokopedia-static.net/tos-alisg-i-aphluv4xwc-sg/img/VqbcmM/2023/7/14/4b89c487-2733-431e-ad6c-cb03071afe12.jpg~tplv-aphluv4xwc-white-pad-v1:200:200.jpeg?lk3s=97278606&x-expires=1774869344&x-signature=%2FTb2pQrpLJk%2BL%2BK7zjY3W%2BmSMB0%3D&x-signature-webp=pCVbVG6SfUhgGPEBDMwSOjrFI8U%3D
1418521459,LG FM1208N3W MESIN CUCI FRONT LOADING WASHER FM-1208N3W FM1208 1208N3W,Rp4.692.000,4692000,,0,0,0,17 terjual,10345860,Darrie Store,Depok,https://www.tokopedia.com/darrie/lg-fm1208n3w-mesin-cuci-front-loading-washer-fm-1208n3w-fm1208-1208n3w?extParam=ivf%3Dfalse%26search_id%3D2026033010154411B9842E0A271F2217ED,https://p16-images-sign-sg.tokopedia-static.net/tos-alisg-i-aphluv4xwc-sg/img/VqbcmM/2020/12/11/ad2b2390-2b9a-49f6-8da2-23b2f497dc10.jpg~tplv-aphluv4xwc-white-pad-v1:200:200.jpeg?lk3s=97278606&x-expires=1774869344&x-signature=M1DfLpipb%2FjO%2FjIUm7YYEHYxNb4%3D&x-signature-webp=QoLWc%2BsUoKcJ%2FQhoG6DD9Owqijw%3D
1834109076,LG F2515RTGV MESIN CUCI WASH & DRY 15/8KG KG F-2515RTGV F2515 2515RTGV,Rp12.295.000,12295000,,0,0,0,2 terjual,8864206,Asegan Elektronik Store,Depok,https://www.tokopedia.com/varoelectronics/lg-f2515rtgv-mesin-cuci-wash-dry-15-8kg-kg-f-2515rtgv-f2515-2515rtgv?extParam=ivf%3Dfalse%26search_id%3D2026033010154411B9842E0A271F2217ED,https://p19-images-sign-sg.tokopedia-static.net/tos-alisg-i-aphluv4xwc-sg/04ac546f48ea41febe98bacc823f3463~tplv-aphluv4xwc-white-pad-v1:200:200.jpeg?lk3s=97278606&x-expires=1774869344&x-signature=xnDv6tQig5emF9iDQuYTDztaAKs%3D&x-signature-webp=1DaFzSpLGu4tl4KEJJ5elF0MyJY%3D
1811163803,LG TH2519DSAK MESIN CUCI 19 KG WASHER TH2519 2519DSAK TH-2519DSAK,Rp8.992.000,8992000,,0,0,0,2 terjual,10345860,Darrie Store,Depok,https://www.tokopedia.com/darrie/lg-th2519dsak-mesin-cuci-19-kg-washer-th2519-2519dsak-th-2519dsak?extParam=ivf%3Dfalse%26search_id%3D2026033010154411B9842E0A271F2217ED,https://p16-images-sign-sg.tokopedia-static.net/tos-alisg-i-aphluv4xwc-sg/img/VqbcmM/2021/4/29/49a0feb0-338f-4686-97da-23f3fee91dc9.jpg~tplv-aphluv4xwc-white-pad-v1:200:200.jpeg?lk3s=97278606&x-expires=1774869344&x-signature=%2FeQgWrnmWhr72AK4WSdECt2eILg%3D&x-signature-webp=mbVuzIdK92gykGTtSVnFHu5kVc0%3D
10766324141,LG FV1414H2BA MESIN CUCI LG 14 KG DRYER 8 KG FRONT LOADING FV1414,Rp12.199.000,12199000,,0,0,0,1 terjual,10345860,Darrie Store,Depok,https://www.tokopedia.com/darrie/lg-fv1414h2ba-mesin-cuci-lg-14-kg-dryer-8-kg-front-loading-fv1414?extParam=ivf%3Dfalse%26search_id%3D2026033010154411B9842E0A271F2217ED,https://p16-images-sign-sg.tokopedia-static.net/tos-alisg-i-aphluv4xwc-sg/img/VqbcmM/2023/7/20/5e7f3ead-9ca4-41e3-ad0e-c8d242570927.jpg~tplv-aphluv4xwc-white-pad-v1:200:200.jpeg?lk3s=97278606&x-expires=1774869344&x-signature=FLb8WWMt3jvIpxAQ3FUHBY%2BN1zE%3D&x-signature-webp=1Nd33P2rVIuYB1%2FBrn49lLCi4fI%3D
15105927683,SHARP ES-FL1410MSX Mesin Cuci Front Loading 10 Kg Inverter ESFL1410 ES-FL1410 ES-FL1410MSX,Rp6.999.000,6999000,,0,0,0,2 terjual,10345860,Darrie Store,Depok,https://www.tokopedia.com/darrie/sharp-es-fl1410msx-mesin-cuci-front-loading-10-kg-inverter-esfl1410-es-fl1410-es-fl1410msx?extParam=ivf%3Dfalse%26search_id%3D2026033010154411B9842E0A271F2217ED,https://p16-images-sign-sg.tokopedia-static.net/tos-alisg-i-aphluv4xwc-sg/img/VqbcmM/2024/9/12/2265da28-e65f-4269-bbf6-f43b7f0704ae.jpg~tplv-aphluv4xwc-white-pad-v1:200:200.jpeg?lk3s=97278606&x-expires=1774869344&x-signature=Sr9lfys323HDSZeIjgg6T7ueBik%3D&x-signature-webp=erwb5OUt%2By29apLZVsK1ObCDNZg%3D
10755787606,LG TV2518DV3B MESIN CUCI LG TOP LOADING 18 KG INVERTER TV2518,Rp8.999.000,8999000,,0,0,0,2 terjual,10345860,Darrie Store,Depok,https://www.tokopedia.com/darrie/lg-tv2518dv3b-mesin-cuci-lg-top-loading-18-kg-inverter-tv2518?extParam=ivf%3Dfalse%26search_id%3D2026033010154411B9842E0A271F2217ED,https://p16-images-sign-sg.tokopedia-static.net/tos-alisg-i-aphluv4xwc-sg/img/VqbcmM/2023/7/20/1fa4836b-65ea-42eb-adfc-dc0e5af1e799.jpg~tplv-aphluv4xwc-white-pad-v1:200:200.jpeg?lk3s=97278606&x-expires=1774869344&x-signature=ocUn3UidBWI5v0ZRZ%2B71yC%2BDtQA%3D&x-signature-webp=e0dKEYsd7qvXy82ryIatG5AzmoU%3D
970271703,LG P8000N MESIN CUCI 2 TABUNG 8 KG PROMO DISKON MURAH,Rp2.495.000,2495000,,0,0,0,3 terjual,8864206,Asegan Elektronik Store,Depok,https://www.tokopedia.com/varoelectronics/lg-p8000n-mesin-cuci-2-tabung-8-kg-promo-diskon-murah-1731692106964632812?extParam=ivf%3Dfalse%26search_id%3D2026033010154411B9842E0A271F2217ED,https://p16-images-sign-sg.tokopedia-static.net/tos-alisg-i-aphluv4xwc-sg/3bdc8d861f4140418dcdd65412eb10cc~tplv-aphluv4xwc-white-pad-v1:200:200.jpeg?lk3s=97278606&x-expires=1774869344&x-signature=JtzEENb%2F9skpK2Nv5jo9YK%2Bv1kc%3D&x-signature-webp=djMPDVljSkbVVlMNy%2FZp0HPXrpQ%3D
695937954,Mesin Cuci Front Loading 8Kg LG FM1208N3W 8Kg FM1208N3W LG 8Kg FM1208,Rp4.591.000,4591000,,0,0,0,1 terjual,7749429,Bogor Solusi Elektronik,Kab. Bogor,https://www.tokopedia.com/bogor-solusi-elektronik/mesin-cuci-front-loading-8kg-lg-fm1208n3w-8kg-fm1208n3w-lg-8kg-fm1208?extParam=ivf%3Dfalse%26search_id%3D2026033010154411B9842E0A271F2217ED,https://p16-images-sign-sg.tokopedia-static.net/tos-alisg-i-aphluv4xwc-sg/aec0c8f291f94fd7acf8cd73702bfe4c~tplv-aphluv4xwc-white-pad-v1:200:200.jpeg?lk3s=97278606&x-expires=1774869344&x-signature=82spe1GGVuEjBMS%2B4eTmBO7YNNU%3D&x-signature-webp=pMIN3ziWToaSq9eLb47tElEUQXE%3D
9939678425,SAMSUNG WA80H4000SW MESIN CUCI TOP LOADING INVERTER 8 KG WA80H4009,Rp2.695.000,2695000,,0,0,0,3 terjual,8864206,Asegan Elektronik Store,Depok,https://www.tokopedia.com/varoelectronics/samsung-wa80h4000sw-mesin-cuci-top-loading-inverter-8-kg-wa80h4009?extParam=ivf%3Dfalse%26search_id%3D2026033010154411B9842E0A271F2217ED,https://p16-images-sign-sg.tokopedia-static.net/tos-alisg-i-aphluv4xwc-sg/0128e2a08595493ba4c968e94355148f~tplv-aphluv4xwc-white-pad-v1:200:200.jpeg?lk3s=97278606&x-expires=1774869344&x-signature=jsK0yuG6VdZ%2FhfMC8WqutuXTW1o%3D&x-signature-webp=JfNLRKBkI4Qza0280AcIih97nmI%3D
2178707100,LG FV1285S3WS MESIN CUCI WASHER 8.5 KG FV-1285S3WS FV1285 1285S3WS,Rp5.999.000,5999000,,0,0,0,5 terjual,10345860,Darrie Store,Depok,https://www.tokopedia.com/darrie/lg-fv1285s3ws-mesin-cuci-washer-8-5-kg-fv-1285s3ws-fv1285-1285s3ws?extParam=ivf%3Dfalse%26search_id%3D2026033010154411B9842E0A271F2217ED,https://p16-images-sign-sg.tokopedia-static.net/tos-alisg-i-aphluv4xwc-sg/img/VqbcmM/2021/9/16/00b21a90-ceee-40f2-b62e-30b16a8289db.jpg~tplv-aphluv4xwc-white-pad-v1:200:200.jpeg?lk3s=97278606&x-expires=1774869344&x-signature=zluEh13hhgPNKcwQGR96UZVjZrg%3D&x-signature-webp=w4mZqH0pQ1DJSHW2SKW1kc6rCzM%3D
2335508643,LG FV1285S3VS MESIN CUCI WASHER 8.5 KG FV-1285S3VS FV1285 1285S3VS,Rp5.995.000,5995000,,0,0,0,5 terjual,8864206,Asegan Elektronik Store,Depok,https://www.tokopedia.com/varoelectronics/lg-fv1285s3vs-mesin-cuci-washer-8-5-kg-fv-1285s3vs-fv1285-1285s3vs?extParam=ivf%3Dfalse%26search_id%3D2026033010154411B9842E0A271F2217ED,https://p16-images-sign-sg.tokopedia-static.net/tos-alisg-i-aphluv4xwc-sg/eb1810b2dc5b4930b3f9914ba8c021bb~tplv-aphluv4xwc-white-pad-v1:200:200.jpeg?lk3s=97278606&x-expires=1774869344&x-signature=2XJ4gKwMhGqmMhfKRcGqPrsfCZo%3D&x-signature-webp=NG0xCe8VJDOgEZHFIfJT6bmFWQ4%3D
10676950988,LG FV1414H2BA MESIN CUCI FRONT LOADING 14 KG WASHER DRYER 1414H2BA,Rp12.795.000,12795000,,0,0,0,5 terjual,8864206,Asegan Elektronik Store,Depok,https://www.tokopedia.com/varoelectronics/lg-fv1414h2ba-mesin-cuci-front-loading-14-kg-washer-dryer-1414h2ba?extParam=ivf%3Dfalse%26search_id%3D2026033010154411B9842E0A271F2217ED,https://p16-images-sign-sg.tokopedia-static.net/tos-alisg-i-aphluv4xwc-sg/d0ace7c222964a5293bece5c8ae089b7~tplv-aphluv4xwc-white-pad-v1:200:200.jpeg?lk3s=97278606&x-expires=1774869344&x-signature=Unoa5DQuwyPrKNKrkH%2B2rVoUNaM%3D&x-signature-webp=zAaPAzVZeiIViSKV89D6HZsDolw%3D
5800154383,SAMSUNG WA80H4200 MESIN CUCI TOP LOADING 8 KG WA80H42 80H4200 1 TABUNG,Rp2.995.000,2995000,,0,0,0,7 terjual,8864206,Asegan Elektronik Store,Depok,https://www.tokopedia.com/varoelectronics/samsung-wa80h4200-mesin-cuci-top-loading-8-kg-wa80h42-80h4200-1-tabung?extParam=ivf%3Dfalse%26search_id%3D2026033010154411B9842E0A271F2217ED,https://p16-images-sign-sg.tokopedia-static.net/tos-alisg-i-aphluv4xwc-sg/2a8979f1cff44bba847f6f696c5c5831~tplv-aphluv4xwc-white-pad-v1:200:200.jpeg?lk3s=97278606&x-expires=1774869344&x-signature=lTGeRvp1XOXrEryNf5qYYmeWDDs%3D&x-signature-webp=udVyilrht2sbHr%2BGUkpSYC6k%2FzE%3D
2133408631,MESIN CUCI 2 TABUNG 14KG PANASONIC NA-W145FCV1 14KG TWIN TUB PANASONIC,Rp3.591.000,3591000,,0,0,0,1 terjual,7749429,Bogor Solusi Elektronik,Kab. Bogor,https://www.tokopedia.com/bogor-solusi-elektronik/mesin-cuci-2-tabung-14kg-panasonic-na-w145fcv1-14kg-twin-tub-panasonic?extParam=ivf%3Dfalse%26search_id%3D2026033010154411B9842E0A271F2217ED,https://p16-images-sign-sg.tokopedia-static.net/tos-alisg-i-aphluv4xwc-sg/8b05058efe3547348e34a8c2a7a193d5~tplv-aphluv4xwc-white-pad-v1:200:200.jpeg?lk3s=97278606&x-expires=1774869344&x-signature=KCrxsuKbOUaUiXlqHT9bNi3ephg%3D&x-signature-webp=gIhDLQUUHaOKt20%2FIR0cjxt9Vrc%3D
7939212269,MESIN CUCI 2 TABUNG 7.5 KG PANASONIC NAW78FCV1 7.5KG NA-W78BCV1,Rp2.390.000,2390000,,0,0,0,3 terjual,7749429,Bogor Solusi Elektronik,Kab. Bogor,https://www.tokopedia.com/bogor-solusi-elektronik/mesin-cuci-2-tabung-7-5-kg-panasonic-naw78fcv1-7-5kg-na-w78bcv1?extParam=ivf%3Dfalse%26search_id%3D2026033010154411B9842E0A271F2217ED,https://p16-images-sign-sg.tokopedia-static.net/tos-alisg-i-aphluv4xwc-sg/8aca76c29c354559a4376a3f3e05effb~tplv-aphluv4xwc-white-pad-v1:200:200.jpeg?lk3s=97278606&x-expires=1774869344&x-signature=n2QGMpSqKsCSHNzE6WOyBiJScz8%3D&x-signature-webp=l6uKSSjtLnpWe4PEoTislgmiXr8%3D
13856867544,MESIN CUCI BEKO 2 TABUNG 6 KG LOWWATT TWINTUB WTTA-6503 6503 WTTA6503W,Rp1.292.000,1292000,,0,0,0,1 terjual,10345860,Darrie Store,Depok,https://www.tokopedia.com/darrie/mesin-cuci-beko-2-tabung-6-kg-lowwatt-twintub-wtta-6503-6503-wtta6503w?extParam=ivf%3Dfalse%26search_id%3D2026033010154411B9842E0A271F2217ED,https://p16-images-sign-sg.tokopedia-static.net/tos-alisg-i-aphluv4xwc-sg/img/VqbcmM/2024/6/13/f4b90a1f-51d3-4e1c-ac2a-930d411b2592.jpg~tplv-aphluv4xwc-white-pad-v1:200:200.jpeg?lk3s=97278606&x-expires=1774869344&x-signature=BPkox9VigfHi49yifJZFtmpFY%2F4%3D&x-signature-webp=nrjCkO1KRBkKqI4isugCxMRzX1g%3D
11969298313,AQUA FQW-850829QD Mesin Cuci Front Loading 8.5KG FQW85029 FQW850829QD,Rp4.849.000,4849000,,0,0,0,3 terjual,10345860,Darrie Store,Depok,https://www.tokopedia.com/darrie/aqua-fqw-850829qd-mesin-cuci-front-loading-8-5kg-fqw85029-fqw850829qd?extParam=ivf%3Dfalse%26search_id%3D2026033010154411B9842E0A271F2217ED,https://p16-images-sign-sg.tokopedia-static.net/tos-alisg-i-aphluv4xwc-sg/img/VqbcmM/2023/10/29/59c729e2-c1a5-4cf4-8ac4-4aa1e9c955db.jpg~tplv-aphluv4xwc-white-pad-v1:200:200.jpeg?lk3s=97278606&x-expires=1774869344&x-signature=8GruLLdRznHwSmJSX%2Bd1VaLYR4g%3D&x-signature-webp=ID0OIR8zGJTk9ef7z6tfpaezEXY%3D
3183916866,LG FV1411S5WN MESIN CUCI FRONT LOADING 11 KG FV1411 1411S5WN,Rp8.995.000,8995000,,0,0,0,1 terjual,8864206,Asegan Elektronik Store,Depok,https://www.tokopedia.com/varoelectronics/lg-fv1411s5wn-mesin-cuci-front-loading-11-kg-fv1411-1411s5wn?extParam=ivf%3Dfalse%26search_id%3D2026033010154411B9842E0A271F2217ED,https://p19-images-sign-sg.tokopedia-static.net/tos-alisg-i-aphluv4xwc-sg/img/VqbcmM/2022/3/10/a0d3cc81-881b-4294-ab43-4156f02e5189.jpg~tplv-aphluv4xwc-white-pad-v1:200:200.jpeg?lk3s=97278606&x-expires=1774869344&x-signature=C37sOit9Ku0F1B2C00uzGkHIA94%3D&x-signature-webp=yCkA5gfJmfWaocUviJXanRwt6ds%3D
5865646683,SAMSUNG WA80H4200SW MESIN CUCI TOP LOADING 8KG DIAMOND DRUM WA80H4200,Rp2.892.000,2892000,,0,0,0,3 terjual,10345860,Darrie Store,Depok,https://www.tokopedia.com/darrie/samsung-wa80h4200sw-mesin-cuci-top-loading-8kg-diamond-drum-wa80h4200?extParam=ivf%3Dfalse%26search_id%3D2026033010154411B9842E0A271F2217ED,https://p16-images-sign-sg.tokopedia-static.net/tos-alisg-i-aphluv4xwc-sg/img/VqbcmM/2022/9/2/8990c69f-dbbd-4af1-a3d4-3287e4534fb3.jpg~tplv-aphluv4xwc-white-pad-v1:200:200.jpeg?lk3s=97278606&x-expires=1774869344&x-signature=2IPrzlIOQ%2FOKa4koAUpjsFgzmt0%3D&x-signature-webp=G25ayDnObtCKldz5OQGMv0ElQRo%3D
2047287160,LG T2311VSPM MESIN CUCI TOP LOADING WASHER T-2311VSPM T2311 2311VSPM,Rp4.699.000,4699000,,0,0,0,2 terjual,10345860,Darrie Store,Depok,https://www.tokopedia.com/darrie/lg-t2311vspm-mesin-cuci-top-loading-washer-t-2311vspm-t2311-2311vspm?extParam=ivf%3Dfalse,https://p16-images-sign-sg.tokopedia-static.net/tos-alisg-i-aphluv4xwc-sg/img/VqbcmM/2021/8/4/18fb274b-97f9-4062-a3f3-ca0019088f49.jpg~tplv-aphluv4xwc-white-pad-v1:200:200.jpeg?lk3s=97278606&x-expires=1774869345&x-signature=Cw05u8VqII9L4J%2F1%2BwuK2QgfmYo%3D&x-signature-webp=7UjtU8SAKYcOz%2FiWcjF5tfDBk8I%3D
5730310169,LG T2313VSAB MESIN CUCI TOP LOADING 13 KG T2313 2313VSAB,Rp5.292.000,5292000,,0,0,0,8 terjual,10345860,Darrie Store,Depok,https://www.tokopedia.com/darrie/lg-t2313vsab-mesin-cuci-top-loading-13-kg-t2313-2313vsab?extParam=ivf%3Dfalse,https://p16-images-sign-sg.tokopedia-static.net/tos-alisg-i-aphluv4xwc-sg/img/VqbcmM/2022/8/27/02406b98-2368-47f4-b7cb-becdd3da3058.jpg~tplv-aphluv4xwc-white-pad-v1:200:200.jpeg?lk3s=97278606&x-expires=1774869345&x-signature=qcvlX4Szz0dfVhyfeZWTTtC6x5c%3D&x-signature-webp=ENRimXqwAk6qPuHjGDSA3fz%2Bx4w%3D
12648398390,LG T2108NT1W MESIN CUCI TOP LOADING 8 KG 2108NT1W T2108,Rp2.799.000,2799000,,0,0,0,9 terjual,10345860,Darrie Store,Depok,https://www.tokopedia.com/darrie/lg-t2108nt1w-mesin-cuci-top-loading-8-kg-2108nt1w-t2108?extParam=ivf%3Dfalse,https://p16-images-sign-sg.tokopedia-static.net/tos-alisg-i-aphluv4xwc-sg/img/VqbcmM/2024/1/30/9be9a2ec-49cb-44e2-b810-8c35aa330e17.jpg~tplv-aphluv4xwc-white-pad-v1:200:200.jpeg?lk3s=97278606&x-expires=1774869345&x-signature=KXtScAIJMksQRo5qce6EWRk%2BY2U%3D&x-signature-webp=3SX4DlAYvYOMrgeebUVuVXGzhEU%3D
14685598599,POLYTRON MESIN CUCI TOP LOADING 7 KG | 8 KG | 9 KG | 10 KG Mesin Cuci 1 Tabung Zeromatic Laguna series Hijab PAW7028Y PAW8028Y PAW9028Y PAW1028Y,Rp2.692.000,2692000,,0,0,0,7 terjual,10345860,Darrie Store,Depok,https://www.tokopedia.com/darrie/polytron-mesin-cuci-top-loading-7-kg-8-kg-9-kg-10-kg-mesin-cuci-1-tabung-zeromatic-laguna-series-hijab-paw7028y-paw8028y-paw9028y-paw1028y-7-kg-f3793?extParam=ivf%3Dtrue,https://p16-images-sign-sg.tokopedia-static.net/tos-alisg-i-aphluv4xwc-sg/img/VqbcmM/2024/8/3/771fe8ea-22d8-4ef3-b3d0-71aa49562eb9.jpg~tplv-aphluv4xwc-white-pad-v1:200:200.jpeg?lk3s=97278606&x-expires=1774869345&x-signature=HKpd2U2TsSoEHqTtRXM%2FTPephKQ%3D&x-signature-webp=N02FR7552mxlKBiE0cb2vI7bfBs%3D
11969269005,AQUA AQW-77D-HBK MESIN CUCI TOP LOADING 7 KG AQW77DHBK AQW77DH AQW-77,Rp2.092.000,2092000,,0,0,0,1 terjual,10345860,Darrie Store,Depok,https://www.tokopedia.com/darrie/aqua-aqw-77d-hbk-mesin-cuci-top-loading-7-kg-aqw77dhbk-aqw77dh-aqw-77?extParam=ivf%3Dfalse,https://p16-images-sign-sg.tokopedia-static.net/tos-alisg-i-aphluv4xwc-sg/img/VqbcmM/2023/10/29/510985ca-1dd1-4921-891b-7f12e75ddf89.jpg~tplv-aphluv4xwc-white-pad-v1:200:200.jpeg?lk3s=97278606&x-expires=1774869345&x-signature=Kxl4r%2FwLGuCKeok0pC%2F9XQv6cL8%3D&x-signature-webp=RaOYLxjXamOKyzCsOlMPg85b06c%3D
12057339984,Mesin Cuci Front Loading 10Kg Panasonic NA-V10FR1 10 Kg NA-V10FR1BNE,Rp9.990.000,9990000,,0,0,0,2 terjual,7749429,Bogor Solusi Elektronik,Kab. Bogor,https://www.tokopedia.com/bogor-solusi-elektronik/mesin-cuci-front-loading-10kg-panasonic-na-v10fr1-10-kg-na-v10fr1bne?extParam=ivf%3Dfalse,https://p16-images-sign-sg.tokopedia-static.net/tos-alisg-i-aphluv4xwc-sg/4443a4761ac744d2aee1a7d5eb6e0d31~tplv-aphluv4xwc-white-pad-v1:200:200.jpeg?lk3s=97278606&x-expires=1774869345&x-signature=qii052bWl89%2F0%2FYA7LPcJF3vsYA%3D&x-signature-webp=MVuezW9lD1g6hOL2h5zSg2Easxc%3D
12859383884,LG FB1208S6W MESIN CUCI FRONT LOADING 8 KG INVERTER FB1208 1208S6W,Rp4.995.000,4995000,,0,0,0,3 terjual,8864206,Asegan Elektronik Store,Depok,https://www.tokopedia.com/varoelectronics/lg-fb1208s6w-mesin-cuci-front-loading-8-kg-inverter-fb1208-1208s6w?extParam=ivf%3Dtrue,https://p19-images-sign-sg.tokopedia-static.net/tos-alisg-i-aphluv4xwc-sg/9fd399f7d8104c258d2bb317d8bb055c~tplv-aphluv4xwc-white-pad-v1:200:200.jpeg?lk3s=97278606&x-expires=1774869345&x-signature=VObSAsi%2BTebom4KLwG6bqe5cd0I%3D&x-signature-webp=k10djSEjq3DUIpvfpKZVN9m0PTQ%3D
1418388450,LG FM1007N3W MESIN CUCI FRONT LOADING WASHER FM-1007N3W FM1007 1007N3W,Rp4.299.000,4299000,,0,0,0,10 terjual,10345860,Darrie Store,Depok,https://www.tokopedia.com/darrie/lg-fm1007n3w-mesin-cuci-front-loading-washer-fm-1007n3w-fm1007-1007n3w?extParam=ivf%3Dtrue,https://p16-images-sign-sg.tokopedia-static.net/tos-alisg-i-aphluv4xwc-sg/img/VqbcmM/2020/12/11/5195fffe-dc7d-475f-b606-5b6366d2ea3d.jpg~tplv-aphluv4xwc-white-pad-v1:200:200.jpeg?lk3s=97278606&x-expires=1774869345&x-signature=ly8BKJqGysWD7k43SJGIgwkDjbM%3D&x-signature-webp=u94Ncen5poRZ%2BrExMMGY90E9xNk%3D
7939282087,MESIN CUCI 2 TABUNG PANASONIC 10KG NA-W100BBZ2 PANASONIC NAW100BBZ2,Rp2.591.000,2591000,,0,0,0,2 terjual,7749429,Bogor Solusi Elektronik,Kab. Bogor,https://www.tokopedia.com/bogor-solusi-elektronik/mesin-cuci-2-tabung-panasonic-10kg-na-w100bbz2-panasonic-naw100bbz2?extParam=ivf%3Dfalse,https://p16-images-sign-sg.tokopedia-static.net/tos-alisg-i-aphluv4xwc-sg/5d0ca197b90a4ebb8c92ff3fedb4db68~tplv-aphluv4xwc-white-pad-v1:200:200.jpeg?lk3s=97278606&x-expires=1774869345&x-signature=qshHGrEu0SwvV16u6pIfAx2zm08%3D&x-signature-webp=y4b%2Fa5NUeX%2FdEhdl0Ra4h74vA7Y%3D
12104216337,MESIN CUCI PANASONIC FRONT LOADING NA-S056FX1LN WASH + DRYER 100%,Rp13.490.000,13490000,,0,0,0,2 terjual,7749429,Bogor Solusi Elektronik,Kab. Bogor,https://www.tokopedia.com/bogor-solusi-elektronik/mesin-cuci-panasonic-front-loading-na-s056fx1ln-wash-dryer-100?extParam=ivf%3Dfalse,https://p19-images-sign-sg.tokopedia-static.net/tos-alisg-i-aphluv4xwc-sg/de4b29f4b27e436da429ca5122f97f56~tplv-aphluv4xwc-white-pad-v1:200:200.jpeg?lk3s=97278606&x-expires=1774869345&x-signature=h8aZA%2BCTkS9MdBi53vllOZOn%2BR0%3D&x-signature-webp=Amlrkh9iStFj%2F55JzOy%2B2XljGW8%3D
13627031147,LG FB1207S6W MESIN CUCI FRONT LOADING 7 KG FB1207 1207S6W FB1207S6W,Rp4.195.000,4195000,,0,0,0,4 terjual,8864206,Asegan Elektronik Store,Depok,https://www.tokopedia.com/varoelectronics/lg-fb1207s6w-mesin-cuci-front-loading-7-kg-fb1207-1207s6w-fb1207s6w?extParam=ivf%3Dfalse,https://p16-images-sign-sg.tokopedia-static.net/tos-alisg-i-aphluv4xwc-sg/0f448da22a8445539bb6e4ba52bdd71f~tplv-aphluv4xwc-white-pad-v1:200:200.jpeg?lk3s=97278606&x-expires=1774869345&x-signature=gf2MqbnuGYVRiuh%2BRc%2FxSXFMIdo%3D&x-signature-webp=woFCiLm47ujkjpsb0ri2fm99IYk%3D
10756623644,LG F2724SVRB MESIN CUCI LG 24 KG FRONT LOADING STEAM WIFI F2724,Rp13.492.000,13492000,,0,0,0,1 terjual,10345860,Darrie Store,Depok,https://www.tokopedia.com/darrie/lg-f2724svrb-mesin-cuci-lg-24-kg-front-loading-steam-wifi-f2724?extParam=ivf%3Dfalse,https://p16-images-sign-sg.tokopedia-static.net/tos-alisg-i-aphluv4xwc-sg/img/VqbcmM/2023/7/20/ec7ed7ce-09e9-4034-8dbd-7af032907d77.jpg~tplv-aphluv4xwc-white-pad-v1:200:200.jpeg?lk3s=97278606&x-expires=1774869345&x-signature=WNe%2BI7HRJqEQxqupxm91bvgajTc%3D&x-signature-webp=RTYGdgqqe%2FojDEB2rzVpWC%2FUgYQ%3D
8099607378,Mesin Cuci Front Loading Wash and Dryer 10/6 Kg Panasonic NAS106FR1,Rp12.991.000,12991000,,0,0,0,3 terjual,7749429,Bogor Solusi Elektronik,Kab. Bogor,https://www.tokopedia.com/bogor-solusi-elektronik/mesin-cuci-front-loading-wash-and-dryer-10-6-kg-panasonic-nas106fr1?extParam=ivf%3Dfalse,https://p16-images-sign-sg.tokopedia-static.net/tos-alisg-i-aphluv4xwc-sg/a9c4041b4e024b0d83740393d51353d1~tplv-aphluv4xwc-white-pad-v1:200:200.jpeg?lk3s=97278606&x-expires=1774869345&x-signature=VV83lfmDHKlBDVA9TBcUTFsHa4Y%3D&x-signature-webp=OQk9yThRf0c0acDx9hXCcQ6o%2Fvs%3D
1987863614,MESIN CUCI LG F2515STPW FRONT LOADING 15 KG F2515 TURBO WASH 2515STPW F2515STGW,Rp9.999.000,9999000,,0,0,0,9 terjual,8864206,Asegan Elektronik Store,Depok,https://www.tokopedia.com/varoelectronics/mesin-cuci-lg-f2515stpw-front-loading-15-kg-f2515-turbo-wash-2515stpw-f2515stgw-1731692104449361132?extParam=ivf%3Dfalse,https://p19-images-sign-sg.tokopedia-static.net/tos-alisg-i-aphluv4xwc-sg/4ecdf0e917bf441cb912a3a34829ff9d~tplv-aphluv4xwc-white-pad-v1:200:200.jpeg?lk3s=97278606&x-expires=1774869345&x-signature=E45hSu103FOlMfPSkkbydZAfAJ0%3D&x-signature-webp=N7P090Au5Qy9DFgn2vc2Z13inxE%3D
912915263,SAMSUNG WA11J5710SG | MESIN CUCI TOP LOADING 11Kg | WA11 | WA11J5710,Rp4.999.990,4999990,,0,0,0,1 terjual,6435216,AMANAH JAYA ELECTRONICS,Tangerang Selatan,https://www.tokopedia.com/man-jay/samsung-wa11j5710sg-mesin-cuci-top-loading-11kg-wa11-wa11j5710?extParam=ivf%3Dfalse,https://p16-images-sign-sg.tokopedia-static.net/tos-alisg-i-aphluv4xwc-sg/img/product-1/2020/6/12/71244874/71244874_49cbc8e4-ae5f-456c-a80f-70ae40e55387_1058_1058~tplv-aphluv4xwc-white-pad-v1:200:200.jpeg?lk3s=97278606&x-expires=1774869345&x-signature=DH5VGF547y%2B2BgASwIWHj0gTyow%3D&x-signature-webp=kjKnleUCoMXHUrX2yn4OAN9WQ6s%3D
764220995,LG MESIN CUCI FV1409D3V FRONT LOADING 9KG TURBO WASH AND WIFI,Rp9.999.900,9999900,,0,0,0,3 terjual,6435216,AMANAH JAYA ELECTRONICS,Tangerang Selatan,https://www.tokopedia.com/man-jay/lg-mesin-cuci-fv1409d3v-front-loading-9kg-turbo-wash-and-wifi?extParam=ivf%3Dfalse,https://p16-images-sign-sg.tokopedia-static.net/tos-alisg-i-aphluv4xwc-sg/img/VqbcmM/2021/1/27/7c96abc1-6a18-48ec-8aee-f09880d6ec0d.jpg~tplv-aphluv4xwc-white-pad-v1:200:200.jpeg?lk3s=97278606&x-expires=1774869345&x-signature=uLChc%2Fd8cNgaveYNz%2FnWafbyorA%3D&x-signature-webp=SMlsPd3bZj0GoKUanDikzcmzz7c%3D
2375715918,SAMSUNG MESIN CUCI 2 TABUNG 15 Kg WT15K5200MB/SE | WT15 Garansi Resmi,Rp3.699.990,3699990,,0,0,0,2 terjual,6435216,AMANAH JAYA ELECTRONICS,Tangerang Selatan,https://www.tokopedia.com/man-jay/samsung-mesin-cuci-2-tabung-15-kg-wt15k5200mb-se-wt15-garansi-resmi?extParam=ivf%3Dfalse,https://p16-images-sign-sg.tokopedia-static.net/tos-alisg-i-aphluv4xwc-sg/img/VqbcmM/2021/11/4/9c7d398e-a371-49e7-abea-34aa853d06ea.jpg~tplv-aphluv4xwc-white-pad-v1:200:200.jpeg?lk3s=97278606&x-expires=1774869345&x-signature=srHQRz%2FU1vOuLqBd3BNgmO4gPTY%3D&x-signature-webp=eYGaaEXJs%2BNa1PlutKHDaSKWUnQ%3D
554789152,Front Loading LG 14 KG Direct Drive F1014NTGW,Rp10.599.900,10599900,,0,0,0,3 terjual,6435216,AMANAH JAYA ELECTRONICS,Tangerang Selatan,https://www.tokopedia.com/man-jay/front-loading-lg-14-kg-direct-drive-f1014ntgw?extParam=ivf%3Dfalse,https://p16-images-sign-sg.tokopedia-static.net/tos-alisg-i-aphluv4xwc-sg/img/VqbcmM/2022/10/30/02e26ee2-b0dd-4253-821f-24f2b1302175.jpg~tplv-aphluv4xwc-white-pad-v1:200:200.jpeg?lk3s=97278606&x-expires=1774869345&x-signature=ppu8gOK73cOVYo6deC6PDSWspRo%3D&x-signature-webp=2Laji705GLtNPp%2FhnCtEKVm5kqg%3D
816983587,LG T2107VSPCK | MESIN CUCI LG TOP LOADING 7 KG | T2107 | VSPCK,Rp3.399.990,3399990,,0,0,0,6 terjual,6435216,AMANAH JAYA ELECTRONICS,Tangerang Selatan,https://www.tokopedia.com/man-jay/lg-t2107vspck-mesin-cuci-lg-top-loading-7-kg-t2107-vspck?extParam=ivf%3Dfalse,https://p16-images-sign-sg.tokopedia-static.net/tos-alisg-i-aphluv4xwc-sg/img/VqbcmM/2021/1/29/4e90af68-95f9-4d62-8718-886e38bd1301.jpg~tplv-aphluv4xwc-white-pad-v1:200:200.jpeg?lk3s=97278606&x-expires=1774869345&x-signature=0D%2F0v58FjEsQDUErt%2FQUq3YnPkk%3D&x-signature-webp=8jUFIOiGwApfzJz9Wxrbb2xjHHQ%3D
560594822,MESIN CUCI FRONT LOADING LG 14 Kg F2514DTGE | F2514 | DTGE,Rp10.999.990,10999990,,0,0,0,2 terjual,6435216,AMANAH JAYA ELECTRONICS,Tangerang Selatan,https://www.tokopedia.com/man-jay/mesin-cuci-front-loading-lg-14-kg-f2514dtge-f2514-dtge?extParam=ivf%3Dfalse,https://p16-images-sign-sg.tokopedia-static.net/tos-alisg-i-aphluv4xwc-sg/img/VqbcmM/2022/10/30/637e5991-bf1c-4d27-b10c-d04565567553.jpg~tplv-aphluv4xwc-white-pad-v1:200:200.jpeg?lk3s=97278606&x-expires=1774869345&x-signature=VR6urvRQiVDIG%2FiaVXm0NJPNKyU%3D&x-signature-webp=Iwjm8bQfsPZy0s7WuHltCf3rLTE%3D
766837153,LG - MESIN CUCI FV1450S1B FRONT LOADING 10.5 KG - NEW 2020,Rp10.999.900,10999900,,0,0,0,10 terjual,6435216,AMANAH JAYA ELECTRONICS,Tangerang Selatan,https://www.tokopedia.com/man-jay/lg-mesin-cuci-fv1450s1b-front-loading-10-5-kg-new-2020?extParam=ivf%3Dfalse,https://p16-images-sign-sg.tokopedia-static.net/tos-alisg-i-aphluv4xwc-sg/img/VqbcmM/2021/1/30/5113bc28-2d9b-4c79-9633-2b5c143301ad.jpg~tplv-aphluv4xwc-white-pad-v1:200:200.jpeg?lk3s=97278606&x-expires=1774869345&x-signature=UydDHMRv7%2F6fZRH%2F8qapUDDQpH0%3D&x-signature-webp=7fr5TN8J3uehr4DcfTVbcXe9RpM%3D
2375687596,SAMSUNG MESIN CUCI 2 TABUNG 12 Kg WT12J4200MB/SE | WT12 Garansi Resmi,Rp3.000.000,3000000,,0,0,0,1 terjual,6435216,AMANAH JAYA ELECTRONICS,Tangerang Selatan,https://www.tokopedia.com/man-jay/samsung-mesin-cuci-2-tabung-12-kg-wt12j4200mb-se-wt12-garansi-resmi?extParam=ivf%3Dfalse,https://p16-images-sign-sg.tokopedia-static.net/tos-alisg-i-aphluv4xwc-sg/img/VqbcmM/2021/11/4/4cefa0aa-57aa-426f-8b61-c9d85912f66a.jpg~tplv-aphluv4xwc-white-pad-v1:200:200.jpeg?lk3s=97278606&x-expires=1774869345&x-signature=2UxBKfNUifdsRLZEccPtD6s2MxA%3D&x-signature-webp=UTeHLCVj%2BfDmpo3b%2FTUPmZXtUQs%3D
2375812026,LG FV1411S4PN FRONT LOADING 11 Kg - LG FV1411 MESIN CUCI 11 Kg DIRECT,Rp9.699.000,9699000,,0,0,0,1 terjual,6435216,AMANAH JAYA ELECTRONICS,Tangerang Selatan,https://www.tokopedia.com/man-jay/lg-fv1411s4pn-front-loading-11-kg-lg-fv1411-mesin-cuci-11-kg-direct?extParam=ivf%3Dfalse,https://p16-images-sign-sg.tokopedia-static.net/tos-alisg-i-aphluv4xwc-sg/img/VqbcmM/2024/1/31/bab1bca6-78b0-44b2-94fc-af4a59ee2aba.jpg~tplv-aphluv4xwc-white-pad-v1:200:200.jpeg?lk3s=97278606&x-expires=1774869345&x-signature=G%2BJnDqNdEbn8mOaKHODcEUQ0w20%3D&x-signature-webp=rY%2BZuUPh7mOo2iaIKpLWPZm5V5o%3D
1564105640,SAMSUNG MESIN CUCI 16 Kg WA16N6780CV/SE | WA16N6780CV | WA16N6780,Rp8.999.900,8999900,,0,0,0,1 terjual,6435216,AMANAH JAYA ELECTRONICS,Tangerang Selatan,https://www.tokopedia.com/man-jay/samsung-mesin-cuci-16-kg-wa16n6780cv-se-wa16n6780cv-wa16n6780?extParam=ivf%3Dfalse,https://p16-images-sign-sg.tokopedia-static.net/tos-alisg-i-aphluv4xwc-sg/img/VqbcmM/2021/1/27/4b7dcb74-e71f-4ea3-bdda-840195eee1f8.jpg~tplv-aphluv4xwc-white-pad-v1:200:200.jpeg?lk3s=97278606&x-expires=1774869345&x-signature=DMtT4gWg359ddLGuyjKtae2o94U%3D&x-signature-webp=5RfjZJCoJd%2Bk9lAG4Vbryhlo%2B0U%3D
1529706275,LG MESIN CUCI 8 Kg TOP LOADING T2108VSPCK | LG T2108VSPCK T2108 VSPCK,Rp3.949.990,3949990,,0,0,0,1 terjual,6435216,AMANAH JAYA ELECTRONICS,Tangerang Selatan,https://www.tokopedia.com/man-jay/lg-mesin-cuci-8-kg-top-loading-t2108vspck-lg-t2108vspck-t2108-vspck?extParam=ivf%3Dfalse,https://p16-images-sign-sg.tokopedia-static.net/tos-alisg-i-aphluv4xwc-sg/img/VqbcmM/2022/8/15/8528e2a4-3aad-42c6-a519-1295aa7565c8.jpg~tplv-aphluv4xwc-white-pad-v1:200:200.jpeg?lk3s=97278606&x-expires=1774869345&x-signature=HERIqubwjMiyK3ubwmsUPdAkqk4%3D&x-signature-webp=YJYU3ZRw6kYX6ghIsdiVIgjrUvY%3D
912396580,LG FC1207S5W | MESIN CUCI FRONT LOADING 7Kg | FC1207 | 6 Motion,Rp4.999.900,4999900,,0,0,0,7 terjual,6435216,AMANAH JAYA ELECTRONICS,Tangerang Selatan,https://www.tokopedia.com/man-jay/lg-fc1207s5w-mesin-cuci-front-loading-7kg-fc1207-6-motion?extParam=ivf%3Dfalse,https://p16-images-sign-sg.tokopedia-static.net/tos-alisg-i-aphluv4xwc-sg/img/VqbcmM/2021/1/29/7fb14865-f335-4251-b043-9b2389be63f4.jpg~tplv-aphluv4xwc-white-pad-v1:200:200.jpeg?lk3s=97278606&x-expires=1774869345&x-signature=Ikj6KDqg45FsA2GPSjK0e95U1T4%3D&x-signature-webp=ALOQDI5XBWuxWbdcnV5TjtkIQRY%3D
567795237,MESIN CUCI FRONT LOADING LG FC1207S3W,Rp5.500.000,5500000,,0,0,0,7 terjual,6435216,AMANAH JAYA ELECTRONICS,Tangerang Selatan,https://www.tokopedia.com/man-jay/mesin-cuci-front-loading-lg-fc1207s3w?extParam=ivf%3Dfalse,https://p16-images-sign-sg.tokopedia-static.net/tos-alisg-i-aphluv4xwc-sg/img/product-1/2019/9/24/6435216/6435216_86480017-2c07-4c16-8069-8e5b8f6cfcad_1228_1228.jpg~tplv-aphluv4xwc-white-pad-v1:200:200.jpeg?lk3s=97278606&x-expires=1774869345&x-signature=ZZC9Ft2PqA7bUjn66yARBRQuM6o%3D&x-signature-webp=6mzzGM1u7C8hFGbQFKPdG2BhpyQ%3D
3602500781,LG T2109VS2M Mesin Cuci TOP LOADING 9 Kg T2109 VS2M Smart Inverter,Rp3.899.990,3899990,,0,0,0,2 terjual,6435216,AMANAH JAYA ELECTRONICS,Tangerang Selatan,https://www.tokopedia.com/man-jay/lg-t2109vs2m-mesin-cuci-top-loading-9-kg-t2109-vs2m-smart-inverter?extParam=ivf%3Dfalse,https://p16-images-sign-sg.tokopedia-static.net/tos-alisg-i-aphluv4xwc-sg/img/VqbcmM/2022/10/30/b87df570-b1cb-4cc2-b813-1541870558c0.jpg~tplv-aphluv4xwc-white-pad-v1:200:200.jpeg?lk3s=97278606&x-expires=1774869345&x-signature=h7NJt2WX6agoS8YzvF%2Fj7NfxnHY%3D&x-signature-webp=zxEmAgUyxtTtTsOZYYkbSr%2FlqgM%3D
587749246,LG FV1413H2BA FRONT LOADING 13 Kg Dryer 8 Kg - FV1413 DD INVERTER,Rp11.999.990,11999990,,0,0,0,1 terjual,6435216,AMANAH JAYA ELECTRONICS,Tangerang Selatan,https://www.tokopedia.com/man-jay/lg-fv1413h2ba-front-loading-13-kg-dryer-8-kg-fv1413-dd-inverter?extParam=ivf%3Dfalse,https://p16-images-sign-sg.tokopedia-static.net/tos-alisg-i-aphluv4xwc-sg/img/VqbcmM/2022/10/31/2d4461aa-384a-4bba-9929-b3fe1d45f77c.jpg~tplv-aphluv4xwc-white-pad-v1:200:200.jpeg?lk3s=97278606&x-expires=1774869345&x-signature=iETcns%2BVc0q7PfkCLijjIdRc2KQ%3D&x-signature-webp=l1VmbyuEFnXB1vjlcTWgBGKbT1A%3D
766823114,LG FV1450H1B FRONT LOADING WASHER & DRYER 10.5 KG - NEW 2020,Rp11.299.900,11299900,,0,0,0,3 terjual,6435216,AMANAH JAYA ELECTRONICS,Tangerang Selatan,https://www.tokopedia.com/man-jay/lg-fv1450h1b-front-loading-washer-dryer-10-5-kg-new-2020?extParam=ivf%3Dfalse,https://p16-images-sign-sg.tokopedia-static.net/tos-alisg-i-aphluv4xwc-sg/img/VqbcmM/2021/1/30/29efe040-974b-4745-b9b3-82666fb8686b.jpg~tplv-aphluv4xwc-white-pad-v1:200:200.jpeg?lk3s=97278606&x-expires=1774869345&x-signature=NiXnumCboRiuPW9Mo1K0gdCOZSU%3D&x-signature-webp=Mfg9w2Wfw%2Fq2zWKMj1Ob6mM1Ro4%3D
2375667312,SAMSUNG MESIN CUCI 2 TABUNG 9.5 Kg | WT95H3330MB | WT95 Garansi Resmi,Rp2.699.990,2699990,,0,0,0,1 terjual,6435216,AMANAH JAYA ELECTRONICS,Tangerang Selatan,https://www.tokopedia.com/man-jay/samsung-mesin-cuci-2-tabung-9-5-kg-wt95h3330mb-wt95-garansi-resmi?extParam=ivf%3Dfalse,https://p16-images-sign-sg.tokopedia-static.net/tos-alisg-i-aphluv4xwc-sg/img/VqbcmM/2021/11/4/51ef25f6-3681-4a25-9df1-687854aa4e9c.jpg~tplv-aphluv4xwc-white-pad-v1:200:200.jpeg?lk3s=97278606&x-expires=1774869345&x-signature=7ev5KILsvI7KK80Va75GZFGv698%3D&x-signature-webp=12aOemcgyOw6zPAWmw4HM0kmSl4%3D
513905898,Mesin Cuci Front Loading LG 7Kg FM1007N3W | FM1007,Rp4.999.000,4999000,,0,0,0,9 terjual,6435216,AMANAH JAYA ELECTRONICS,Tangerang Selatan,https://www.tokopedia.com/man-jay/mesin-cuci-front-loading-lg-7kg-fm1007n3w-fm1007?extParam=ivf%3Dfalse,https://p16-images-sign-sg.tokopedia-static.net/tos-alisg-i-aphluv4xwc-sg/img/VqbcmM/2021/1/29/5309412d-91cf-4def-ae1f-a355ba9d1f1f.jpg~tplv-aphluv4xwc-white-pad-v1:200:200.jpeg?lk3s=97278606&x-expires=1774869345&x-signature=SgLkkpGctWwgB4wht7%2F9nclIucg%3D&x-signature-webp=6MwAhrtOAnT%2BmGOJyoFH9knolPE%3D
2965837989,LG FV1450H1B MESIN CUCI FRONT LOADING 10.5 Kg Dry 7 Kg ° FV1450,Rp12.999.000,12999000,,0,0,0,1 terjual,13278730,Gading Smart Store,Tangerang,https://www.tokopedia.com/gading-smart-store/lg-fv1450h1b-mesin-cuci-front-loading-10-5-kg-dry-7-kg-fv1450?extParam=ivf%3Dfalse,https://p16-images-sign-sg.tokopedia-static.net/tos-alisg-i-aphluv4xwc-sg/img/VqbcmM/2022/6/1/db51803b-59e7-4b50-a925-582e857d778e.jpg~tplv-aphluv4xwc-white-pad-v1:200:200.jpeg?lk3s=97278606&x-expires=1774869345&x-signature=Wl7dOoK6Yc%2F9L%2BC%2B5YRTScZ8wZc%3D&x-signature-webp=wVoYrg44D%2B%2BXgokPxBY7LEuHfps%3D
4374490078,LG FV1414H2BA MESIN CUCI 14 Kg Dry 8 Kg FV1414 ° FV1414 H2BA,Rp13.999.000,13999000,,0,0,0,4 terjual,13278730,Gading Smart Store,Tangerang,https://www.tokopedia.com/gading-smart-store/lg-fv1414h2ba-mesin-cuci-14-kg-dry-8-kg-fv1414-fv1414-h2ba?extParam=ivf%3Dfalse,https://p16-images-sign-sg.tokopedia-static.net/tos-alisg-i-aphluv4xwc-sg/img/VqbcmM/2024/8/9/2a6611a9-6b15-43f0-8c58-8da002d76c62.jpg~tplv-aphluv4xwc-white-pad-v1:200:200.jpeg?lk3s=97278606&x-expires=1774869345&x-signature=ewwAAL7KN%2Fa93OLpEvlDpGd3Shk%3D&x-signature-webp=C7ndlr%2FUp9hAEfW8xCjs65zluGE%3D
12468123206,SAMSUNG WA70H4200SW/SE MESIN CUCI 7 Kg WA70H4200SW WA70H4200 WOBBLE,Rp3.000.000,3000000,,0,0,0,6 terjual,13278730,Gading Smart Store,Tangerang,https://www.tokopedia.com/gading-smart-store/samsung-wa70h4200sw-se-mesin-cuci-7-kg-wa70h4200sw-wa70h4200-wobble-8-kg-0986b?extParam=ivf%3Dfalse,https://p16-images-sign-sg.tokopedia-static.net/tos-alisg-i-aphluv4xwc-sg/img/VqbcmM/2024/8/8/aca90d9e-069c-45fc-b6b5-b3662a091b15.jpg~tplv-aphluv4xwc-white-pad-v1:200:200.jpeg?lk3s=97278606&x-expires=1774869345&x-signature=LaTGIYMcCSLIcGKS7hTmmWaCKfY%3D&x-signature-webp=V6VUJCeStLcoQlk8AOBNSO4ccjg%3D
2965760549,LG FV1285S5WS MESIN CUCI FRONT LOADING 8.5 Kg ° FV1285 ° DD INVERTER,Rp5.699.000,5699000,,0,0,0,1 terjual,13278730,Gading Smart Store,Tangerang,https://www.tokopedia.com/gading-smart-store/lg-fv1285s5ws-mesin-cuci-front-loading-8-5-kg-fv1285-dd-inverter?extParam=ivf%3Dfalse,https://p16-images-sign-sg.tokopedia-static.net/tos-alisg-i-aphluv4xwc-sg/img/VqbcmM/2023/4/10/f827bc16-4600-43c7-863f-f99741b5faef.jpg~tplv-aphluv4xwc-white-pad-v1:200:200.jpeg?lk3s=97278606&x-expires=1774869345&x-signature=wKEva33J8i0%2FqlO28%2BNcQT6ShbA%3D&x-signature-webp=OtWZH%2FCednI8arEbT89hC%2FhEfOg%3D
4373590856,SHARP Mesin Cuci Front Front Loading 10.5 Kg ESFL1410DPX Wash And Dry,Rp9.699.000,9699000,,0,0,0,1 terjual,13278730,Gading Smart Store,Tangerang,https://www.tokopedia.com/gading-smart-store/sharp-mesin-cuci-front-front-loading-10-5-kg-esfl1410dpx-wash-and-dry?extParam=ivf%3Dfalse,https://p16-images-sign-sg.tokopedia-static.net/tos-alisg-i-aphluv4xwc-sg/img/VqbcmM/2024/8/9/3067ecdc-8195-45e9-9acf-fe6c4723e360.jpg~tplv-aphluv4xwc-white-pad-v1:200:200.jpeg?lk3s=97278606&x-expires=1774869345&x-signature=AFLTOpxjMMgK%2BHjOTZXmo87IMTo%3D&x-signature-webp=99O4uQRubFs4weulDVO10LCBp9U%3D
4852980946,Washing Machine Cleaner 1kg Pembersih Mesin Cuci Non DT Anti Bakteri,Rp60.000,60000,,0,0,0,40+ terjual,10251690,setia1.shop,Kab. Tangerang,https://www.tokopedia.com/setia-1-shop/washing-machine-cleaner-1kg-pembersih-mesin-cuci-non-dt-anti-bakteri?extParam=ivf%3Dfalse,https://p16-images-sign-sg.tokopedia-static.net/tos-alisg-i-aphluv4xwc-sg/img/VqbcmM/2023/5/11/f8d98c6b-3514-4708-a8d9-f6e2d5838a11.png~tplv-aphluv4xwc-white-pad-v1:200:200.jpeg?lk3s=97278606&x-expires=1774869345&x-signature=xDieHIR8PbRU5pqqdCP0w5ZAU%2Fo%3D&x-signature-webp=mIzUFLeLGn%2F1DndHHqd1H9Qn8cc%3D
7914449454,Washing Machine Cleaner 500gr Pembersih Mesin Cuci Tanpa Perlu Bongkar,Rp55.500,55500,,0,0,0,40+ terjual,10251690,setia1.shop,Kab. Tangerang,https://www.tokopedia.com/setia-1-shop/washing-machine-cleaner-500gr-pembersih-mesin-cuci-tanpa-perlu-bongkar?extParam=ivf%3Dfalse,https://p16-images-sign-sg.tokopedia-static.net/tos-alisg-i-aphluv4xwc-sg/img/VqbcmM/2024/3/11/04fd0aef-c361-40f8-8bea-e3560fd53f87.png~tplv-aphluv4xwc-white-pad-v1:200:200.jpeg?lk3s=97278606&x-expires=1774869345&x-signature=9p%2BHje6JuUlWsMFhElXwRS1dj2I%3D&x-signature-webp=QvSTpq2JbQo1gn18P3cnOyuloHc%3D
15605441334,LG T2108NT1W MESIN CUCI 1 TABUNG TOP LOADING LG 8KG SOFT CLOSING,Rp2.890.000,2890000,,0,0,0,1 terjual,5870150,Juara88 olshop,Bekasi,https://www.tokopedia.com/juara88olshop/lg-t2108nt1w-mesin-cuci-1-tabung-top-loading-lg-8kg-soft-closing?extParam=ivf%3Dfalse,https://p16-images-sign-sg.tokopedia-static.net/tos-alisg-i-aphluv4xwc-sg/img/VqbcmM/2024/10/24/50622cdf-c1ce-4dc7-9d48-99e12ccd9e90.jpg~tplv-aphluv4xwc-white-pad-v1:200:200.jpeg?lk3s=97278606&x-expires=1774869345&x-signature=nnIDDzOWJLUflOFh4cFsuavOFGY%3D&x-signature-webp=iTkXwEkyzltU1U4qlnKpE0Is0Aw%3D
